"Good,Morning,Good,Morning,Yes,Good,Now,No"
"Good,Morning,Good,Morning,Yes"
"Yes,Good,Now,No,Good,Morning,Good,Morning,Yes"
"Good,Now,No,Good,Morning,Good,Morning"
"Good,Now,No,Good,Morning,Good,Morning,Yes,Good,Now,No"
"Good,Morning,Good,Morning,Yes,Good,Now,No"
"Good,Morning,Good,Morning,Yes,Good,Now,No"
"Good,Morning,Good,Morning,Yes,Good,Now,No"
"Good,Morning,Good,Morning,Yes,Good,Now,No"
"Good,Morning,Good,Morning,Yes,Good,Now,No"
"Good,Morning,Good,Morning,Yes,Good,Now,No"
"Good,Morning,Good,Morning,Yes,Good,Now,No"
"Good,Morning,Good,Morning,Yes,Good,Now,No"
"Good,Morning,Good,Morning,Yes,Good,Now,No"
"Good,Morning,Good,Morning,Yes,Good,Now,No"
"Good,Morning,Good,Morning,Yes,Good,Now,No"
"Good,Morning,Good,Morning,Yes,Good,Now,No"
"Good,Morning,Good,Morning,Yes,Good,Now,No"
"Good,Morning,Good,Morning,Yes,Good,Now,No"
"Good,Morning,Good,Morning,Yes,Good,Now,No"
"Good,Morning,Good,Morning,Yes,Good,Now,No"
"Good,Morning,Good,Morning,Yes,Good,Now,No"
"Good,Morning,Good,Morning,Yes,Good,Now,No"
"Good,Morning,Good,Morning,Yes,Good,Now,No"
"Good,Morning,Good,Morning,Yes,Good,Now,No"
"Good,Morning,Good,Morning,Yes,Good,Now,No"
"Good,Morning,Good,Morning,Yes,Good,Now,No"
"Good,Morning,Good,Morning,Yes,Good,Now,No"
"Good,Morning,Good,Morning,Yes,Good,Now,No"
"Good,Morning,Good,Morning,Yes,Good,Now,No"
"Good,Morning,Good,Morning,Yes,Good,Now,No"
"Good,Morning,Good,Morning,Yes,Good,Now,No"
"Good,Morning,Good,Morning,Yes,Good,Now,No"
"Good,Morning,Good,Morning,Yes,Good,Now,No"
"Good,Morning,Good,Morning,Yes,Good,Now,No"
"Good,Morning,Good,Morning,Yes,Good,Now,No"
"Good,Morning,Good,Morning,Yes,Good,Now,No"
"Good,Morning,Good,Morning,Yes,Good,Now,No"
"Good,Morning,Good,Morning,Yes,Good,Now,No"
"Good,Now,No,Good,Morning,Good,Morning,Yes,Good,Now,No"
"Good,Now,No,Good,Morning,Good,Morning,Yes,Good,Now,No"
"Good,Now,No,Good,Morning,Good,Morning,Yes,Good,Now,No"
"Good,Now,No,Good,Morning,Good,Morning,Yes,Good,Now,No"
"Good,Now,No,Good,Morning,Good,Morning,Yes,Good,Now,No"
"Good,Now,No,Good,Morning,Good,Morning,Yes,Good,Now,No"
"Good,Now,No,Good,Morning,Good,Morning,Yes,Good,Now,No"
"Good,Now,No,Good,Morning,Good,Morning,Yes,Good,Now,No"
"Good,Now,No,Good,Morning,Good,Morning,Yes,Good,Now,No"
"Good,Now,No,Good,Morning,Good,Morning,Yes,Good,Now,No"
"Good,Now,No,Good,Morning,Good,Morning,Yes,Good,Now,No"
"Good,Now,No,Good,Morning,Good,Morning,Yes,Good,Now,No"
"Good,Now,No,Good,Morning,Good,Morning,Yes,Good,Now,No"
"Good,Now,No,Good,Morning,Good,Morning,Yes,Good,Now,No"
"Good,Now,No,Good,Morning,Good,Morning,Yes,Good,Now,No"
"Good,Now,No,Good,Morning,Good,Morning,Yes,Good,Now,No"
"Good,Now,No,Good,Morning,Good,Morning,Yes,Good,Now,No"
"Good,Now,No,Good,Morning,Good,Morning,Yes,Good,Now,No"
"Good,Now,No,Good,Morning,Good,Morning,Yes,Good,Now,No"
"Good,Now,No,Good,Morning,Good,Morning,Yes,Good,Now,No"
"Good,Now,No,Good,Morning,Good,Morning,Yes,Good,Now,No"
"Good,Now,No,Good,Morning,Good,Morning,Yes,Good,Now,No"
"Good,Now,No,Good,Morning,Good,Morning,Yes,Good,Now,No"
"Good,Now,No,Good,Morning,Good,Morning,Yes,Good,Now,No"
"Good,Now,No,Good,Morning,Good,Morning,Yes,Good,Now,No"
"Good,Now,No,Good,Morning,Good,Morning,Yes,Good,Now,No"
"Good,Now,No,Good,Morning,Good,Morning,Yes,Good,Now,No"
"Good,Now,No,Good,Morning,Good,Morning,Yes,Good,Now,No"
"Good,Now,No,Good,Morning,Good,Morning,Yes,Good,Now,No"
"Good,Now,No,Good,Morning,Good,Morning,Yes,Good,Now,No"
"Good,Now,No,Good,Morning,Good,Morning,Yes,Good,Now,No"
"Good,Now,No,Good,Morning,Good,Morning,Yes,Good,Now,No"
"Good,Morning,Good,Morning,Yes,Good,Now,No"
"Good,Morning,Good,Morning,Yes,Good,Now,No"
"Good,Morning,Good,Morning,Yes,Good,Now,No"
"Good,Morning,Good,Morning,Yes,Good,Now,No"
"Good,Morning,Good,Morning,Yes,Good,Now,No"
"Good,Morning,Good,Morning,Yes,Good,Now,No"
"Good,Morning,Good,Morning,Yes,Good,Now,No"
"Good,Morning,Good,Morning,Yes,Good,Now,No"
"Good,Morning,Good,Morning,Yes,Good,Now,No"
"Good,Morning,Good,Morning,Yes,Good,Now,No"
"Good,Morning,Good,Morning,Yes,Good,Now,No"
"Good,Morning,Good,Morning,Yes,Good,Now,No"
"Good,Morning,Good,Morning,Yes,Good,Now,No"
"Good,Morning,Good,Morning,Yes,Good,Now,No"
"Good,Morning,Good,Morning,Yes,Good,Now,No"
"Good,Morning,Good,Morning,Yes,Good,Now,No"
"Good,Morning,Good,Morning,Yes,Good,Now,No"
"Good,Morning,Good,Morning,Yes,Good,Now,No"
"Good,Morning,Good,Morning,Yes,Good,Now,No"
"Good,Morning,Good,Morning,Yes,Good,Now,No"
"Good,Morning,Good,Morning,Yes,Good,Now,No"
"Good,Morning,Good,Morning,Yes,Good,Now,No"
"Good,Morning,Good,Morning,Yes,Good,Now,No"
"Good,Morning,Good,Morning,Yes,Good,Now,No"
"Good,Morning,Good,Morning,Yes,Good,Now,No"
"Good,Morning,Good,Morning,Yes,Good,Now,No"
"Good,Morning,Good,Morning,Yes,Good,Now,No"
"Good,Morning,Good,Morning,Yes,Good,Now,No"
"Good,Morning,Good,Morning,Yes,Good,Now,No"
"Good,Morning,Good,Morning,Yes,Good,Now,No"
"Good,Morning,Good,Morning,Yes,Good,Now,No"
"Good,Morning,Good,Morning,Yes,Good,Now,No"
"Good,Morning,Good,Morning,Yes,Good,Now,No"
"Good,Morning,Good,Morning,Yes,Good,Now,No"
"Good,Morning,Good,Morning,Yes,Good,Now,No"
"Good,Morning,Good,Morning,Yes,Good,Now,No"
"Good,Morning,Good,Morning,Yes,Good,Now,No"
"Good,Morning,Good,Morning,Yes,Good,Now,No"
"Good,Morning,Good,Morning,Yes,Good,Now,No"
"Good,Morning,Good,Morning,Yes,Good,Now,No"
"Good,Morning,Good,Morning,Yes,Good,Now,No"
"Good,Morning,Good,Morning,Yes,Good,Now,No"
"Good,Morning,Good,Morning,Yes,Good,Now,No"
"Good,Morning,Good,Morning,Yes,Good,Now,No"
"Good,Morning,Good,Morning,Yes,Good,Now,No"
"Good,Morning,Good,Morning,Yes,Good,Now,No"
"Good,Morning,Good,Morning,Yes,Good,Now,No"
"Good,Morning,Good,Morning,Yes,Good,Now,No"
"Good,Morning,Good,Morning,Yes,Good,Now,No"
"Good,Morning,Good,Morning,Yes,Good,Now,No"
"Good,Morning,Good,Morning,Yes,Good,Now,No"
"Good,Morning,Good,Morning,Yes,Good,Now,No"
"Good,Morning,Good,Morning,Yes,Good,Now,No"
"Good,Morning,Good,Morning,Yes,Good,Now,No"
"Good,Morning,Good,Morning,Yes,Good,Now,No"
"Good,Morning,Good,Morning,Yes,Good,Now,No"
"Good,Morning,Good,Morning,Yes,Good,Now,No"
"Good,Morning,Good,Morning,Yes,Good,Now,No"
"Good,Morning,Good,Morning,Yes,Good,Now,No"
"Good,Morning,Good,Morning,Yes,Good,Now,No"
"Good,Morning,Good,Morning,Yes,Good,Now,No"
"Good,Morning,Good,Morning,Yes,Good,Now,No"
"Good,Morning,Good,Morning,Yes,Good,Now,No"
"Good,Morning,Good,Morning,Yes,Good,Now,No"
"Good,Morning,Good,Morning,Yes,Good,Now,No"
"Good,Morning,Good,Morning,Yes,Good,Now,No"
"Good,Morning,Good,Morning,Yes,Good,Now,No"
"Good,Morning,Good,Morning,Yes,Good,Now,No"
"Good,Morning,Good,Morning,Yes,Good,Now,No"
"Good,Morning,Good,Morning,Yes,Good,Now,No"
"Good,Morning,Good,Morning,Yes,Good,Now,No"
"Good,Morning,Good,Morning,Yes,Good,Now,No"
"Good,Morning,Good,Morning,Yes,Good,Now,No"
"Good,Morning,Good,Morning,Yes,Good,Now,No"
"Good,Morning,Good,Morning,Yes,Good,Now,No"
"Good,Morning,Good,Morning,Yes,Good,Now,No"
"Good,Morning,Good,Morning,Yes,Good,Now,No"
"Good,Morning,Good,Morning,Yes,Good,Now,No"
"Good,Morning,Good,Morning,Yes,Good,Now,No"
"Good,Morning,Good,Morning,Yes,Good,Now,No"
"Good,Morning,Good,Morning,Yes,Good,Now,No"
"Good,Morning,Good,Morning,Yes,Good,Now,No"
"Good,Morning,Good,Morning,Yes,Good,Now,No"
"Good,Morning,Good,Morning,Yes,Good,Now,No"
"Good,Morning,Good,Morning,Yes,Good,Now,No"
"Good,Morning,Good,Morning,Yes,Good,Now,No"
"Good,Morning,Good,Morning,Yes,Good,Now,No"
"Good,Morning,Good,Morning,Yes,Good,Now,No"
"Good,Morning,Good,Morning,Yes,Good,Now,No"
"Good,Morning,Good,Morning,Yes,Good,Now,No"
"Good,Morning,Good,Morning,Yes,Good,Now,No"
"Good,Morning,Good,Morning,Yes,Good,Now,No"
"Good,Morning,Good,Morning,Yes,Good,Now,No"
"Good,Morning,Good,Morning,Yes,Good,Now,No"
"Good,Morning,Good,Morning,Yes,Good,Now,No"
"Good,Morning,Good,Morning,Yes,Good,Now,No"
"Good,Morning,Good,Morning,Yes,Good,Now,No"
"Good,Morning,Good,Morning,Yes,Good,Now,No"
"Good,Morning,Good,Morning,Yes,Good,Now,No"
"Good,Morning,Good,Morning,Yes,Good,Now,No"
"Good,Morning,Good,Morning,Yes,Good,Now,No"
"Good,Morning,Good,Morning,Yes,Good,Now,No"
"Good,Morning,Good,Morning,Yes,Good,Now,No"
"Good,Morning,Good,Morning,Yes,Good,Now,No"
"Good,Morning,Good,Morning,Yes,Good,Now,No"
"Good,Morning,Good,Morning,Yes,Good,Now,No"
"Good,Morning,Good,Morning,Yes,Good,Now,No"
"Good,Morning,Good,Morning,Yes,Good,Now,No"
"Good,Morning,Good,Morning,Yes,Good,Now,No"
"Good,Morning,Good,Morning,Yes,Good,Now,No"
"Good,Morning,Good,Morning,Yes,Good,Now,No"
"Good,Morning,Good,Morning,Yes,Good,Now,No"
"Good,Morning,Good,Morning,Yes,Good,Now,No"
"Good,Morning,Good,Morning,Yes,Good,Now,No"
"Good,Morning,Good,Morning,Yes,Good,Now,No"
"Good,Morning,Good,Morning,Yes,Good,Now,No"
"Good,Morning,Good,Morning,Yes,Good,Now,No"
"Good,Morning,Good,Morning,Yes,Good,Now,No"
"Good,Morning,Good,Morning,Yes,Good,Now,No"
"Good,Morning,Good,Morning,Yes,Good,Now,No"
"Good,Morning,Good,Morning,Yes,Good,Now,No"
"Good,Morning,Good,Morning,Yes,Good,Now,No"
"Good,Morning,Good,Morning,Yes,Good,Now,No"
"Good,Morning,Good,Morning,Yes,Good,Now,No"
"Good,Morning,Good,Morning,Yes,Good,Now,No"
"Good,Morning,Good,Morning,Yes,Good,Now,No"
"Good,Morning,Good,Morning,Yes,Good,Now,No"
"Good,Morning,Good,Morning,Yes,Good,Now,No"
"Good,Morning,Good,Morning,Yes,Good,Now,No"
"Good,Morning,Good,Morning,Yes,Good,Now,No"
"Good,Morning,Good,Morning,Yes,Good,Now,No"
"Good,Morning,Good,Morning,Yes,Good,Now,No"
"Good,Morning,Good,Morning,Yes,Good,Now,No"
"Good,Morning,Good,Morning,Yes,Good,Now,No"
"Good,Morning,Good,Morning,Yes,Good,Now,No"
"Good,Morning,Good,Morning,Yes,Good,Now,No"
"Good,Morning,Good,Morning,Yes,Good,Now,No"
"Good,Morning,Good,Morning,Yes,Good,Now,No"
"Good,Morning,Good,Morning,Yes,Good,Now,No"
"Good,Morning,Good,Morning,Yes,Good,Now,No"
"Good,Morning,Good,Morning,Yes,Good,Now,No"
"Good,Morning,Good,Morning,Yes,Good,Now,No"
"Good,Morning,Good,Morning,Yes,Good,Now,No"
"Good,Morning,Good,Morning,Yes,Good,Now,No"
"Good,Morning,Good,Morning,Yes,Good,Now,No"
"Good,Morning,Good,Morning,Yes,Good,Now,No"
"Good,Morning,Good,Morning,Yes,Good,Now,No"
"Good,Morning,Good,Morning,Yes,Good,Now,No"
"Good,Morning,Good,Morning,Yes,Good,Now,No"
"Good,Morning,Good,Morning,Yes,Good,Now,No"
"Good,Morning,Good,Morning,Yes,Good,Now,No"
"Good,Morning,Good,Morning,Yes,Good,Now,No"
"Good,Morning,Good,Morning,Yes,Good,Now,No"
"Good,Morning,Good,Morning,Yes,Good,Now,No"
"Good,Morning,Good,Morning,Yes,Good,Now,No"
"Good,Morning,Good,Morning,Yes,Good,Now,No"
"Good,Morning,Good,Morning,Yes,Good,Now,No"
